{"cameraMode":{"drawMode":0,"name":"Shaded","section":"Shading Mode"},"sceneLighting":false,"audioPlay":false,"sceneViewState":{"showFog":true,"showMaterialUpdate":false,"showSkybox":true,"showFlares":true,"showImageEffects":true,"showParticleSystems":true},"in2DMode":false,"pivot":{"x":0.8640165328979492,"y":-1.9350080490112305,"z":0.09534883499145508},"rotation":{"x":-0.19393977522850038,"y":0.8037235140800476,"z":-0.3621164560317993,"w":-0.4304525852203369},"size":17.032495498657228,"orthographic":false}