{"cameraMode":{"drawMode":0,"name":"Shaded","section":"Shading Mode"},"sceneLighting":false,"audioPlay":false,"sceneViewState":{"showFog":true,"showMaterialUpdate":false,"showSkybox":false,"showFlares":true,"showImageEffects":true,"showParticleSystems":true},"in2DMode":false,"pivot":{"x":-1.01833176612854,"y":3.3305680751800539,"z":0.09391260147094727},"rotation":{"x":-0.2679640054702759,"y":-0.3330133855342865,"z":0.09930063784122467,"w":-0.898587703704834},"size":1.4289418458938599,"orthographic":false}